Rank,Feature_Name,Importance_Score,Importance_Percentage,Cumulative_Percentage
1,HomeImprovementDIY,0.051399959574879,5.14,5.14
2,AutoWork,0.05028051102868254,5.03,10.17
3,Photography,0.04898408730347917,4.9,15.07
4,HuntingShooting,0.04829662399800162,4.83,19.9
5,CatOwner,0.04579299347553129,4.58,24.48
